"Term","Document Frequency","Inverse Document Frequency"
"●","1","3.26"
"䘏","1","3.26"
"一","22","0.167"
"丁","1","3.26"
"七","8","1.18"
"丈","4","1.87"
"三","25","0.0392"
"上","19","0.314"
"下","22","0.167"
"不","26","0"
"与","2","2.56"
"丑","2","2.56"
"专","1","3.26"
"且","10","0.956"
"丕","1","3.26"
"世","13","0.693"
"丘","13","0.693"
"业","1","3.26"
"並","2","2.56"
"中","18","0.368"
"临","1","3.26"
"为","2","2.56"
"主","8","1.18"
"举","1","3.26"
"乃","7","1.31"
"久","13","0.693"
"义","2","2.56"
"之","26","0"
"乌","1","3.26"
"乎","25","0.0392"
"乐","1","3.26"
"乘","8","1.18"
"乙","1","3.26"
"九","11","0.860"
"乞","3","2.16"
"也","26","0"
"乡","1","3.26"
"书","1","3.26"
"乱","1","3.26"
"乾","2","2.56"
"亂","11","0.860"
"予","15","0.550"
"事","24","0.0800"
"二","15","0.550"
"于","12","0.773"
"云","12","0.773"
"互","1","3.26"
"五","16","0.486"
"井","4","1.87"
"亞","1","3.26"
"亟","1","3.26"
"亡","11","0.860"
"亢","3","2.16"
"交","5","1.65"
"亥","1","3.26"
"亦","19","0.314"
"享","1","3.26"
"京","1","3.26"
"亲","1","3.26"
"亶","1","3.26"
"人","26","0"
"仁","21","0.214"
"仆","1","3.26"
"今","17","0.425"
"介","1","3.26"
"仍","1","3.26"
"从","1","3.26"
"仕","9","1.06"
"他","6","1.47"
"仞","1","3.26"
"代","4","1.87"
"令","8","1.18"
"以","26","0"
"仰","4","1.87"
"仲","14","0.619"
"任","6","1.47"
"伉","2","2.56"
"伊","1","3.26"
"伋","3","2.16"
"伐","7","1.31"
"休","1","3.26"
"众","1","3.26"
"伟","1","3.26"
"传","1","3.26"
"伯","17","0.425"
"似","3","2.16"
"位","7","1.31"
"佐","2","2.56"
"何","23","0.123"
"佗","1","3.26"
"余","4","1.87"
"佚","1","3.26"
"佛","2","2.56"
"作","14","0.619"
"佞","7","1.31"
"佩","3","2.16"
"佾","1","3.26"
"使","21","0.214"
"侃","3","2.16"
"來","9","1.06"
"侍","6","1.47"
"侏","1","3.26"
"侗","1","3.26"
"供","1","3.26"
"依","1","3.26"
"侮","3","2.16"
"侯","9","1.06"
"侵","1","3.26"
"便","2","2.56"
"俎","4","1.87"
"俗","2","2.56"
"保","2","2.56"
"俟","4","1.87"
"信","17","0.425"
"修","6","1.47"
"俯","1","3.26"
"俱","4","1.87"
"俾","3","2.16"
"倍","1","3.26"
"倚","2","2.56"
"借","1","3.26"
"倡","1","3.26"
"倦","6","1.47"
"倨","1","3.26"
"倩","2","2.56"
"倫","2","2.56"
"偃","5","1.65"
"假","1","3.26"
"偏","1","3.26"
"偲","1","3.26"
"側","3","2.16"
"偷","1","3.26"
"偽","2","2.56"
"備","3","2.16"
"傲","1","3.26"
"傳","5","1.65"
"傴","1","3.26"
"傷","5","1.65"
"傾","1","3.26"
"僂","1","3.26"
"僎","1","3.26"
"僕","3","2.16"
"僖","1","3.26"
"僥","1","3.26"
"僬","1","3.26"
"僭","1","3.26"
"儀","2","2.56"
"億","3","2.16"
"儉","5","1.65"
"儐","1","3.26"
"儒","3","2.16"
"優","3","2.16"
"儺","1","3.26"
"儻","1","3.26"
"儼","3","2.16"
"儿","1","3.26"
"允","1","3.26"
"元","3","2.16"
"兄","10","0.956"
"充","1","3.26"
"先","16","0.486"
"光","1","3.26"
"克","6","1.47"
"免","8","1.18"
"兒","1","3.26"
"兕","2","2.56"
"兢","1","3.26"
"入","15","0.550"
"內","9","1.06"
"兩","5","1.65"
"八","6","1.47"
"公","24","0.0800"
"六","8","1.18"
"兮","5","1.65"
"共","7","1.31"
"兵","4","1.87"
"其","26","0"
"具","4","1.87"
"典","1","3.26"
"兼","2","2.56"
"冉","10","0.956"
"再","4","1.87"
"冑","1","3.26"
"冕","4","1.87"
"冠","7","1.31"
"冢","2","2.56"
"冬","1","3.26"
"冰","1","3.26"
"决","1","3.26"
"冶","3","2.16"
"几","1","3.26"
"凡","2","2.56"
"凶","1","3.26"
"出","20","0.262"
"刀","2","2.56"
"分","4","1.87"
"切","5","1.65"
"刑","6","1.47"
"列","2","2.56"
"则","2","2.56"
"初","3","2.16"
"別","5","1.65"
"利","10","0.956"
"刪","1","3.26"
"到","2","2.56"
"刳","1","3.26"
"制","2","2.56"
"刺","2","2.56"
"刻","2","2.56"
"則","22","0.167"
"削","1","3.26"
"前","7","1.31"
"剛","5","1.65"
"割","4","1.87"
"創","1","3.26"
"劍","2","2.56"
"力","13","0.693"
"功","5","1.65"
"加","9","1.06"
"动","1","3.26"
"助","2","2.56"
"勁","1","3.26"
"勃","2","2.56"
"勇","11","0.860"
"勉","1","3.26"
"動","7","1.31"
"務","3","2.16"
"勝","6","1.47"
"勞","9","1.06"
"勢","2","2.56"
"勤","2","2.56"
"勸","1","3.26"
"勾","1","3.26"
"勿","9","1.06"
"匏","2","2.56"
"北","4","1.87"
"匡","4","1.87"
"匪","1","3.26"
"匵","1","3.26"
"匹","3","2.16"
"匿","2","2.56"
"區","1","3.26"
"十","13","0.693"
"千","8","1.18"
"卅","2","2.56"
"升","7","1.31"
"半","1","3.26"
"卑","2","2.56"
"卒","6","1.47"
"卓","2","2.56"
"南","12","0.773"
"博","8","1.18"
"卜","3","2.16"
"卞","3","2.16"
"占","1","3.26"
"卦","1","3.26"
"卫","1","3.26"
"卬","1","3.26"
"卯","1","3.26"
"危","6","1.47"
"即","4","1.87"
"卵","1","3.26"
"卷","1","3.26"
"卹","1","3.26"
"卻","2","2.56"
"卿","5","1.65"
"厚","7","1.31"
"原","5","1.65"
"厥","1","3.26"
"厭","5","1.65"
"厲","6","1.47"
"去","11","0.860"
"參","6","1.47"
"又","12","0.773"
"及","14","0.619"
"友","14","0.619"
"反","8","1.18"
"叔","11","0.860"
"取","13","0.693"
"受","10","0.956"
"口","5","1.65"
"古","10","0.956"
"句","2","2.56"
"叩","2","2.56"
"召","5","1.65"
"可","23","0.123"
"史","7","1.31"
"右","6","1.47"
"司","8","1.18"
"各","6","1.47"
"合","3","2.16"
"吉","2","2.56"
"同","10","0.956"
"名","11","0.860"
"后","5","1.65"
"吏","2","2.56"
"向","1","3.26"
"君","26","0"
"吝","2","2.56"
"否","1","3.26"
"听","1","3.26"
"吳","3","2.16"
"吾","24","0.0800"
"告","16","0.486"
"周","16","0.486"
"味","2","2.56"
"呼","2","2.56"
"命","17","0.425"
"和","8","1.18"
"咎","1","3.26"
"咨","1","3.26"
"咫","1","3.26"
"哀","12","0.773"
"哂","1","3.26"
"哆","2","2.56"
"哉","20","0.262"
"哭","4","1.87"
"哲","2","2.56"
"唐","4","1.87"
"唯","13","0.693"
"商","7","1.31"
"問","24","0.0800"
"啟","4","1.87"
"善","21","0.214"
"喜","6","1.47"
"喟","4","1.87"
"喪","12","0.773"
"喭","2","2.56"
"單","2","2.56"
"喻","1","3.26"
"嗅","1","3.26"
"嗚","2","2.56"
"嗟","1","3.26"
"嗣","2","2.56"
"嘆","2","2.56"
"嘉","2","2.56"
"嘗","10","0.956"
"器","7","1.31"
"噪","1","3.26"
"噫","3","2.16"
"噲","2","2.56"
"嚭","2","2.56"
"嚴","2","2.56"
"囚","1","3.26"
"四","15","0.550"
"回","11","0.860"
"因","9","1.06"
"困","6","1.47"
"固","8","1.18"
"国","2","2.56"
"圃","2","2.56"
"圉","1","3.26"
"國","10","0.956"
"圍","2","2.56"
"圖","3","2.16"
"土","4","1.87"
"圣","1","3.26"
"在","23","0.123"
"圩","1","3.26"
"圬","1","3.26"
"圭","2","2.56"
"地","5","1.65"
"圻","1","3.26"
"均","1","3.26"
"坏","1","3.26"
"坐","5","1.65"
"坚","1","3.26"
"坦","1","3.26"
"坫","1","3.26"
"垂","1","3.26"
"城","6","1.47"
"域","1","3.26"
"執","12","0.773"
"堂","7","1.31"
"堅","4","1.87"
"堇","1","3.26"
"堪","2","2.56"
"堯","6","1.47"
"報","3","2.16"
"塗","2","2.56"
"塞","1","3.26"
"境","1","3.26"
"墓","2","2.56"
"墜","2","2.56"
"墮","1","3.26"
"墳","2","2.56"
"墻","2","2.56"
"壇","1","3.26"
"壞","3","2.16"
"壤","3","2.16"
"士","13","0.693"
"壯","3","2.16"
"壺","1","3.26"
"壽","1","3.26"
"备","1","3.26"
"复","1","3.26"
"夏","16","0.486"
"夔","1","3.26"
"夕","1","3.26"
"外","2","2.56"
"多","16","0.486"
"夜","4","1.87"
"夢","2","2.56"
"大","23","0.123"
"天","22","0.167"
"太","4","1.87"
"夫","24","0.0800"
"夭","2","2.56"
"失","13","0.693"
"夷","13","0.693"
"夾","1","3.26"
"奇","1","3.26"
"奈","1","3.26"
"奉","3","2.16"
"奏","1","3.26"
"契","1","3.26"
"奔","3","2.16"
"奚","9","1.06"
"奠","1","3.26"
"奡","2","2.56"
"奢","2","2.56"
"奧","1","3.26"
"奪","4","1.87"
"女","14","0.619"
"奴","1","3.26"
"好","19","0.314"
"如","26","0"
"妻","7","1.31"
"妾","1","3.26"
"始","12","0.773"
"姑","1","3.26"
"姓","9","1.06"
"委","2","2.56"
"姬","2","2.56"
"威","4","1.87"
"娶","3","2.16"
"婚","2","2.56"
"婢","1","3.26"
"婦","3","2.16"
"媚","1","3.26"
"嫌","1","3.26"
"嬉","1","3.26"
"嬖","1","3.26"
"嬰","1","3.26"
"子","26","0"
"孔","23","0.123"
"字","6","1.47"
"存","3","2.16"
"孙","1","3.26"
"孝","10","0.956"
"孟","12","0.773"
"季","13","0.693"
"孤","3","2.16"
"学","2","2.56"
"孫","12","0.773"
"孰","12","0.773"
"學","18","0.368"
"孺","4","1.87"
"孽","1","3.26"
"守","6","1.47"
"安","11","0.860"
"宋","5","1.65"
"完","1","3.26"
"宓","1","3.26"
"宗","11","0.860"
"官","7","1.31"
"定","6","1.47"
"宜","1","3.26"
"客","3","2.16"
"宣","1","3.26"
"室","12","0.773"
"宦","2","2.56"
"宮","7","1.31"
"宰","12","0.773"
"害","3","2.16"
"宴","1","3.26"
"宵","1","3.26"
"家","11","0.860"
"容","10","0.956"
"宿","8","1.18"
"寄","1","3.26"
"密","1","3.26"
"寇","2","2.56"
"富","14","0.619"
"寒","1","3.26"
"察","5","1.65"
"寡","9","1.06"
"寢","4","1.87"
"實","4","1.87"
"寧","4","1.87"
"審","1","3.26"
"寬","5","1.65"
"寮","1","3.26"
"寵","1","3.26"
"寶","3","2.16"
"寸","2","2.56"
"对","1","3.26"
"封","4","1.87"
"射","6","1.47"
"将","1","3.26"
"將","14","0.619"
"專","2","2.56"
"尊","4","1.87"
"對","17","0.425"
"小","22","0.167"
"少","9","1.06"
"尔","1","3.26"
"尚","6","1.47"
"尤","5","1.65"
"就","6","1.47"
"尸","1","3.26"
"尹","4","1.87"
"尺","6","1.47"
"尼","6","1.47"
"居","23","0.123"
"屈","2","2.56"
"屏","3","2.16"
"展","1","3.26"
"屢","3","2.16"
"履","3","2.16"
"屬","1","3.26"
"屯","1","3.26"
"山","9","1.06"
"岁","1","3.26"
"岂","1","3.26"
"崇","2","2.56"
"崔","1","3.26"
"崩","4","1.87"
"巍","1","3.26"
"川","4","1.87"
"州","3","2.16"
"巢","1","3.26"
"工","3","2.16"
"左","6","1.47"
"巧","8","1.18"
"巫","4","1.87"
"差","2","2.56"
"己","17","0.425"
"已","23","0.123"
"巷","4","1.87"
"巽","3","2.16"
"市","5","1.65"
"布","3","2.16"
"师","2","2.56"
"希","3","2.16"
"帛","1","3.26"
"帝","4","1.87"
"帥","2","2.56"
"師","11","0.860"
"席","3","2.16"
"帶","2","2.56"
"帷","2","2.56"
"常","6","1.47"
"幣","2","2.56"
"干","6","1.47"
"平","6","1.47"
"年","14","0.619"
"并","3","2.16"
"幸","5","1.65"
"幼","3","2.16"
"幽","1","3.26"
"幾","4","1.87"
"序","2","2.56"
"庚","1","3.26"
"府","2","2.56"
"废","1","3.26"
"度","1","3.26"
"座","1","3.26"
"庭","2","2.56"
"庶","6","1.47"
"康","8","1.18"
"庸","4","1.87"
"庾","2","2.56"
"廄","1","3.26"
"廉","3","2.16"
"廋","1","3.26"
"廟","7","1.31"
"廢","9","1.06"
"廣","2","2.56"
"廬","2","2.56"
"延","1","3.26"
"廷","2","2.56"
"廿","1","3.26"
"弁","1","3.26"
"异","2","2.56"
"弈","1","3.26"
"弊","1","3.26"
"弋","1","3.26"
"式","2","2.56"
"弑","1","3.26"
"弒","3","2.16"
"弓","6","1.47"
"弔","3","2.16"
"弗","9","1.06"
"弘","5","1.65"
"弟","15","0.550"
"张","1","3.26"
"弦","3","2.16"
"弱","3","2.16"
"張","12","0.773"
"強","1","3.26"
"强","1","3.26"
"彊","2","2.56"
"彌","2","2.56"
"归","1","3.26"
"当","1","3.26"
"彖","1","3.26"
"形","2","2.56"
"彫","1","3.26"
"彬","2","2.56"
"彭","1","3.26"
"役","3","2.16"
"彼","4","1.87"
"往","10","0.956"
"征","2","2.56"
"径","1","3.26"
"待","5","1.65"
"律","1","3.26"
"後","21","0.214"
"徑","2","2.56"
"徒","6","1.47"
"得","25","0.0392"
"徙","4","1.87"
"從","20","0.262"
"御","4","1.87"
"復","8","1.18"
"循","5","1.65"
"微","7","1.31"
"徵","3","2.16"
"德","21","0.214"
"徹","2","2.56"
"徼","2","2.56"
"心","8","1.18"
"必","23","0.123"
"忍","4","1.87"
"志","16","0.486"
"忘","6","1.47"
"忠","15","0.550"
"忮","1","3.26"
"念","1","3.26"
"忽","5","1.65"
"忿","4","1.87"
"怍","2","2.56"
"怒","3","2.16"
"思","14","0.619"
"怠","1","3.26"
"怡","3","2.16"
"急","3","2.16"
"性","6","1.47"
"怨","11","0.860"
"怪","3","2.16"
"恂","2","2.56"
"恆","3","2.16"
"恐","7","1.31"
"恒","2","2.56"
"恕","2","2.56"
"恣","1","3.26"
"恥","10","0.956"
"恩","1","3.26"
"恭","13","0.693"
"息","2","2.56"
"恶","2","2.56"
"悅","2","2.56"
"悉","1","3.26"
"悔","4","1.87"
"悝","1","3.26"
"悠","1","3.26"
"患","9","1.06"
"悱","1","3.26"
"悲","1","3.26"
"悼","1","3.26"
"悾","1","3.26"
"情","3","2.16"
"惑","8","1.18"
"惜","4","1.87"
"惟","3","2.16"
"惠","9","1.06"
"惡","14","0.619"
"惰","1","3.26"
"想","1","3.26"
"愆","2","2.56"
"愈","3","2.16"
"愉","1","3.26"
"意","2","2.56"
"愚","5","1.65"
"愛","7","1.31"
"愬","2","2.56"
"愸","1","3.26"
"愿","1","3.26"
"慈","2","2.56"
"慍","4","1.87"
"慎","8","1.18"
"慕","1","3.26"
"慚","2","2.56"
"慝","1","3.26"
"慟","2","2.56"
"慢","2","2.56"
"慣","1","3.26"
"慧","1","3.26"
"慮","4","1.87"
"慰","1","3.26"
"慾","1","3.26"
"憂","11","0.860"
"憎","1","3.26"
"憚","3","2.16"
"憤","2","2.56"
"憮","2","2.56"
"憲","4","1.87"
"憾","2","2.56"
"應","2","2.56"
"懌","1","3.26"
"懷","7","1.31"
"懸","1","3.26"
"懼","8","1.18"
"懿","2","2.56"
"戈","1","3.26"
"戎","1","3.26"
"戏","1","3.26"
"成","18","0.368"
"我","19","0.314"
"戒","2","2.56"
"或","12","0.773"
"戚","3","2.16"
"戟","1","3.26"
"戮","3","2.16"
"戰","7","1.31"
"戲","3","2.16"
"戴","1","3.26"
"戶","3","2.16"
"戾","1","3.26"
"房","1","3.26"
"所","23","0.123"
"手","7","1.31"
"才","6","1.47"
"扶","1","3.26"
"承","3","2.16"
"抑","6","1.47"
"抗","1","3.26"
"折","4","1.87"
"抵","1","3.26"
"拒","1","3.26"
"拔","1","3.26"
"拖","1","3.26"
"拘","1","3.26"
"拙","1","3.26"
"招","1","3.26"
"拜","5","1.65"
"括","1","3.26"
"拱","1","3.26"
"拾","1","3.26"
"持","3","2.16"
"指","3","2.16"
"按","1","3.26"
"捨","1","3.26"
"掃","1","3.26"
"授","5","1.65"
"掌","1","3.26"
"排","1","3.26"
"探","1","3.26"
"接","5","1.65"
"推","1","3.26"
"措","1","3.26"
"揖","5","1.65"
"揚","1","3.26"
"揩","1","3.26"
"揭","1","3.26"
"損","5","1.65"
"搖","1","3.26"
"摧","1","3.26"
"摯","2","2.56"
"撤","1","3.26"
"撥","1","3.26"
"撫","1","3.26"
"播","2","2.56"
"撰","1","3.26"
"擅","1","3.26"
"擇","4","1.87"
"擊","4","1.87"
"操","1","3.26"
"據","2","2.56"
"擯","1","3.26"
"擾","1","3.26"
"攅","1","3.26"
"攘","1","3.26"
"攝","5","1.65"
"攸","1","3.26"
"改","12","0.773"
"攻","5","1.65"
"放","6","1.47"
"政","16","0.486"
"故","14","0.619"
"效","1","3.26"
"敏","7","1.31"
"救","3","2.16"
"敗","4","1.87"
"教","10","0.956"
"敝","3","2.16"
"敢","15","0.550"
"散","1","3.26"
"敬","18","0.368"
"敵","1","3.26"
"數","6","1.47"
"斂","3","2.16"
"文","19","0.314"
"斐","2","2.56"
"斗","1","3.26"
"料","2","2.56"
"斥","1","3.26"
"斯","24","0.0800"
"新","5","1.65"
"斷","1","3.26"
"方","13","0.693"
"於","24","0.0800"
"施","10","0.956"
"旂","1","3.26"
"旄","1","3.26"
"旅","5","1.65"
"旍","1","3.26"
"族","4","1.87"
"旗","1","3.26"
"无","1","3.26"
"既","13","0.693"
"日","17","0.425"
"旦","1","3.26"
"旨","2","2.56"
"早","1","3.26"
"时","2","2.56"
"旻","1","3.26"
"昆","2","2.56"
"昌","2","2.56"
"明","14","0.619"
"易","13","0.693"
"昔","6","1.47"
"星","1","3.26"
"春","5","1.65"
"昨","3","2.16"
"昬","1","3.26"
"昭","6","1.47"
"是","23","0.123"
"時","10","0.956"
"晉","4","1.87"
"晏","4","1.87"
"晚","2","2.56"
"晝","3","2.16"
"晨","1","3.26"
"景","7","1.31"
"晳","1","3.26"
"智","2","2.56"
"暇","1","3.26"
"暑","1","3.26"
"暮","3","2.16"
"暴","7","1.31"
"曆","1","3.26"
"曠","1","3.26"
"曰","26","0"
"曲","2","2.56"
"更","3","2.16"
"書","9","1.06"
"曹","3","2.16"
"曾","11","0.860"
"最","1","3.26"
"會","5","1.65"
"月","10","0.956"
"有","26","0"
"朋","5","1.65"
"服","12","0.773"
"朔","2","2.56"
"朕","1","3.26"
"望","6","1.47"
"朝","13","0.693"
"朞","1","3.26"
"期","6","1.47"
"木","10","0.956"
"未","22","0.167"
"末","6","1.47"
"本","3","2.16"
"朱","2","2.56"
"朽","2","2.56"
"杇","1","3.26"
"材","4","1.87"
"杖","4","1.87"
"杚","1","3.26"
"杞","2","2.56"
"束","4","1.87"
"来","2","2.56"
"東","7","1.31"
"松","2","2.56"
"枉","4","1.87"
"析","3","2.16"
"枕","1","3.26"
"林","2","2.56"
"果","7","1.31"
"柏","2","2.56"
"某","1","3.26"
"柔","1","3.26"
"柙","1","3.26"
"柰","1","3.26"
"柱","1","3.26"
"柳","5","1.65"
"柴","3","2.16"
"栖","1","3.26"
"栗","1","3.26"
"校","1","3.26"
"格","1","3.26"
"桀","4","1.87"
"桑","1","3.26"
"桓","6","1.47"
"桴","1","3.26"
"梁","6","1.47"
"梲","1","3.26"
"棄","4","1.87"
"棖","1","3.26"
"棘","1","3.26"
"棣","1","3.26"
"棲","1","3.26"
"棸","1","3.26"
"棺","2","2.56"
"椁","1","3.26"
"植","2","2.56"
"楊","1","3.26"
"楚","3","2.16"
"楛","1","3.26"
"業","2","2.56"
"極","1","3.26"
"楷","1","3.26"
"榮","5","1.65"
"槨","1","3.26"
"樂","18","0.368"
"樊","6","1.47"
"樹","2","2.56"
"橫","1","3.26"
"櫝","1","3.26"
"權","4","1.87"
"次","9","1.06"
"欣","1","3.26"
"欬","2","2.56"
"欲","23","0.123"
"欺","5","1.65"
"歌","6","1.47"
"歎","4","1.87"
"歛","1","3.26"
"歟","1","3.26"
"止","8","1.18"
"正","15","0.550"
"此","5","1.65"
"步","2","2.56"
"武","14","0.619"
"歲","6","1.47"
"歷","2","2.56"
"歸","12","0.773"
"死","18","0.368"
"歾","2","2.56"
"殆","7","1.31"
"殖","2","2.56"
"殘","2","2.56"
"殫","1","3.26"
"殯","2","2.56"
"殷","7","1.31"
"殺","10","0.956"
"殿","1","3.26"
"毀","5","1.65"
"毅","2","2.56"
"毋","6","1.47"
"母","11","0.860"
"每","3","2.16"
"比","9","1.06"
"氏","14","0.619"
"民","19","0.314"
"氣","3","2.16"
"水","4","1.87"
"永","1","3.26"
"求","16","0.486"
"汎","1","3.26"
"汙","1","3.26"
"汝","2","2.56"
"江","2","2.56"
"池","1","3.26"
"污","2","2.56"
"汪","1","3.26"
"汶","3","2.16"
"沂","3","2.16"
"沉","1","3.26"
"沐","1","3.26"
"沒","8","1.18"
"沖","1","3.26"
"沙","1","3.26"
"沛","1","3.26"
"沮","3","2.16"
"沱","2","2.56"
"河","7","1.31"
"治","6","1.47"
"沽","2","2.56"
"況","2","2.56"
"泄","2","2.56"
"法","5","1.65"
"泗","2","2.56"
"泥","1","3.26"
"泰","7","1.31"
"洋","2","2.56"
"洒","1","3.26"
"津","2","2.56"
"洫","1","3.26"
"流","2","2.56"
"浮","2","2.56"
"浴","4","1.87"
"海","6","1.47"
"浸","1","3.26"
"涅","2","2.56"
"涉","2","2.56"
"涕","1","3.26"
"涖","1","3.26"
"涸","1","3.26"
"淄","1","3.26"
"淨","1","3.26"
"淫","3","2.16"
"淮","1","3.26"
"深","5","1.65"
"淳","2","2.56"
"淵","11","0.860"
"淺","1","3.26"
"清","4","1.87"
"渊","1","3.26"
"減","1","3.26"
"渠","2","2.56"
"渡","1","3.26"
"游","11","0.860"
"湖","1","3.26"
"湣","1","3.26"
"湯","3","2.16"
"溉","1","3.26"
"溝","2","2.56"
"溫","7","1.31"
"溺","3","2.16"
"滁","1","3.26"
"滂","2","2.56"
"滅","5","1.65"
"滑","1","3.26"
"滔","1","3.26"
"滕","1","3.26"
"滯","1","3.26"
"漁","1","3.26"
"漆","3","2.16"
"漢","3","2.16"
"潔","3","2.16"
"潤","2","2.56"
"澤","3","2.16"
"澹","3","2.16"
"濁","2","2.56"
"濟","2","2.56"
"濫","2","2.56"
"瀆","1","3.26"
"灌","1","3.26"
"火","4","1.87"
"灭","2","2.56"
"災","1","3.26"
"灾","1","3.26"
"為","24","0.0800"
"烈","2","2.56"
"烝","1","3.26"
"焉","25","0.0392"
"焚","1","3.26"
"無","24","0.0800"
"焦","1","3.26"
"然","18","0.368"
"煢","1","3.26"
"煥","1","3.26"
"熙","1","3.26"
"熟","2","2.56"
"燔","2","2.56"
"燕","3","2.16"
"營","1","3.26"
"燧","2","2.56"
"爭","5","1.65"
"爵","2","2.56"
"父","16","0.486"
"爾","16","0.486"
"牆","4","1.87"
"片","2","2.56"
"版","1","3.26"
"牖","2","2.56"
"牛","6","1.47"
"牟","2","2.56"
"牡","1","3.26"
"牢","3","2.16"
"物","3","2.16"
"特","1","3.26"
"犁","1","3.26"
"犂","1","3.26"
"犇","1","3.26"
"犢","1","3.26"
"犬","2","2.56"
"犯","3","2.16"
"犹","1","3.26"
"狀","3","2.16"
"狂","6","1.47"
"狃","1","3.26"
"狄","5","1.65"
"狎","2","2.56"
"狐","3","2.16"
"狗","1","3.26"
"狩","1","3.26"
"狷","1","3.26"
"狹","1","3.26"
"猛","3","2.16"
"猜","1","3.26"
"猶","15","0.550"
"獄","2","2.56"
"獨","3","2.16"
"獲","4","1.87"
"獸","3","2.16"
"獻","2","2.56"
"玄","2","2.56"
"玆","1","3.26"
"率","3","2.16"
"玉","7","1.31"
"王","12","0.773"
"玷","1","3.26"
"珍","1","3.26"
"珪","1","3.26"
"班","1","3.26"
"珮","1","3.26"
"理","3","2.16"
"琢","1","3.26"
"琴","2","2.56"
"瑚","2","2.56"
"瑟","2","2.56"
"璆","1","3.26"
"璇","1","3.26"
"璉","2","2.56"
"環","1","3.26"
"瓜","3","2.16"
"瓢","2","2.56"
"甘","2","2.56"
"甚","9","1.06"
"生","20","0.262"
"產","5","1.65"
"用","17","0.425"
"甫","3","2.16"
"甯","2","2.56"
"田","4","1.87"
"由","18","0.368"
"甲","2","2.56"
"申","6","1.47"
"男","2","2.56"
"畏","5","1.65"
"畔","4","1.87"
"留","2","2.56"
"畜","2","2.56"
"畝","1","3.26"
"畢","3","2.16"
"畫","1","3.26"
"異","10","0.956"
"畴","1","3.26"
"當","6","1.47"
"疆","3","2.16"
"疏","5","1.65"
"疑","7","1.31"
"疚","3","2.16"
"疵","1","3.26"
"疾","13","0.693"
"病","9","1.06"
"痛","2","2.56"
"登","2","2.56"
"發","4","1.87"
"白","5","1.65"
"百","15","0.550"
"皆","14","0.619"
"皇","2","2.56"
"皋","2","2.56"
"皙","2","2.56"
"皦","2","2.56"
"皮","2","2.56"
"盈","3","2.16"
"益","11","0.860"
"盍","3","2.16"
"监","1","3.26"
"盖","1","3.26"
"盗","1","3.26"
"盛","5","1.65"
"盜","4","1.87"
"盟","1","3.26"
"盡","5","1.65"
"監","2","2.56"
"盧","1","3.26"
"盪","2","2.56"
"目","4","1.87"
"直","15","0.550"
"相","10","0.956"
"盼","2","2.56"
"省","5","1.65"
"真","1","3.26"
"眼","1","3.26"
"眾","11","0.860"
"睪","1","3.26"
"睹","1","3.26"
"瞻","4","1.87"
"瞽","4","1.87"
"瞿","2","2.56"
"矛","2","2.56"
"矜","3","2.16"
"矢","4","1.87"
"矣","26","0"
"知","24","0.0800"
"矩","1","3.26"
"短","5","1.65"
"矯","1","3.26"
"石","4","1.87"
"砮","1","3.26"
"破","2","2.56"
"硜","3","2.16"
"磋","1","3.26"
"磨","3","2.16"
"磬","3","2.16"
"磷","2","2.56"
"示","2","2.56"
"礼","2","2.56"
"社","5","1.65"
"祀","2","2.56"
"祇","1","3.26"
"祈","3","2.16"
"祖","4","1.87"
"祗","2","2.56"
"祚","1","3.26"
"祝","2","2.56"
"神","6","1.47"
"祠","1","3.26"
"祥","1","3.26"
"祭","7","1.31"
"祺","2","2.56"
"祿","7","1.31"
"禄","1","3.26"
"禍","3","2.16"
"福","2","2.56"
"禘","1","3.26"
"禦","1","3.26"
"禮","21","0.214"
"禱","4","1.87"
"禹","5","1.65"
"禺","1","3.26"
"禽","5","1.65"
"秀","3","2.16"
"私","6","1.47"
"秉","2","2.56"
"秋","3","2.16"
"科","1","3.26"
"秦","5","1.65"
"称","1","3.26"
"移","3","2.16"
"稍","3","2.16"
"種","1","3.26"
"稱","10","0.956"
"稷","5","1.65"
"稻","1","3.26"
"稼","4","1.87"
"稽","3","2.16"
"穀","6","1.47"
"穆","2","2.56"
"穑","1","3.26"
"穡","1","3.26"
"穰","1","3.26"
"究","1","3.26"
"空","5","1.65"
"穿","2","2.56"
"突","1","3.26"
"窒","1","3.26"
"窬","1","3.26"
"窮","5","1.65"
"窺","1","3.26"
"竇","1","3.26"
"竈","1","3.26"
"竊","5","1.65"
"立","19","0.314"
"竟","1","3.26"
"章","5","1.65"
"童","6","1.47"
"竭","4","1.87"
"端","6","1.47"
"笑","6","1.47"
"筆","2","2.56"
"等","2","2.56"
"答","3","2.16"
"策","2","2.56"
"筲","1","3.26"
"箕","2","2.56"
"算","1","3.26"
"管","3","2.16"
"箴","2","2.56"
"節","8","1.18"
"篇","2","2.56"
"篤","6","1.47"
"簞","2","2.56"
"簡","5","1.65"
"簣","1","3.26"
"籍","2","2.56"
"籩","1","3.26"
"粟","4","1.87"
"粥","1","3.26"
"精","3","2.16"
"糞","2","2.56"
"糧","2","2.56"
"系","1","3.26"
"糾","1","3.26"
"紀","3","2.16"
"紂","2","2.56"
"約","7","1.31"
"紅","1","3.26"
"紇","3","2.16"
"納","1","3.26"
"純","3","2.16"
"級","1","3.26"
"素","6","1.47"
"索","2","2.56"
"紫","2","2.56"
"累","3","2.16"
"細","2","2.56"
"紲","2","2.56"
"紳","3","2.16"
"紺","1","3.26"
"絀","1","3.26"
"終","11","0.860"
"絏","1","3.26"
"結","2","2.56"
"絕","7","1.31"
"絜","1","3.26"
"絞","2","2.56"
"絢","2","2.56"
"給","1","3.26"
"絰","1","3.26"
"統","2","2.56"
"絺","2","2.56"
"絻","1","3.26"
"綌","1","3.26"
"綏","2","2.56"
"經","3","2.16"
"維","2","2.56"
"綱","2","2.56"
"綽","2","2.56"
"緅","1","3.26"
"緇","2","2.56"
"緡","1","3.26"
"編","1","3.26"
"縕","2","2.56"
"縣","1","3.26"
"縱","2","2.56"
"縲","1","3.26"
"總","1","3.26"
"繁","1","3.26"
"繆","1","3.26"
"繇","1","3.26"
"繒","1","3.26"
"繚","2","2.56"
"繢","1","3.26"
"繩","1","3.26"
"繪","2","2.56"
"繫","2","2.56"
"繹","3","2.16"
"繼","5","1.65"
"纍","1","3.26"
"纓","1","3.26"
"约","2","2.56"
"纪","1","3.26"
"纶","1","3.26"
"终","2","2.56"
"经","1","3.26"
"结","1","3.26"
"绝","1","3.26"
"缕","1","3.26"
"缪","1","3.26"
"缶","1","3.26"
"缺","2","2.56"
"罔","3","2.16"
"罕","3","2.16"
"罢","1","3.26"
"罪","6","1.47"
"置","1","3.26"
"罰","2","2.56"
"罷","2","2.56"
"罹","1","3.26"
"羊","4","1.87"
"美","14","0.619"
"羔","5","1.65"
"羖","1","3.26"
"羞","1","3.26"
"群","5","1.65"
"義","18","0.368"
"羹","1","3.26"
"羽","5","1.65"
"羿","2","2.56"
"習","5","1.65"
"翔","2","2.56"
"翕","2","2.56"
"翟","1","3.26"
"翩","1","3.26"
"翼","2","2.56"
"老","9","1.06"
"考","2","2.56"
"者","25","0.0392"
"而","26","0"
"耕","5","1.65"
"耦","2","2.56"
"耰","2","2.56"
"耳","8","1.18"
"耶","1","3.26"
"耿","1","3.26"
"聖","8","1.18"
"聘","2","2.56"
"聚","1","3.26"
"聞","20","0.262"
"聰","2","2.56"
"聲","5","1.65"
"聵","2","2.56"
"職","2","2.56"
"聽","8","1.18"
"肅","1","3.26"
"肆","4","1.87"
"肉","3","2.16"
"肖","1","3.26"
"肥","2","2.56"
"肩","3","2.16"
"肯","1","3.26"
"肱","1","3.26"
"肸","2","2.56"
"胃","2","2.56"
"胎","1","3.26"
"胡","1","3.26"
"胥","1","3.26"
"能","25","0.0392"
"脛","1","3.26"
"脣","1","3.26"
"脩","5","1.65"
"脫","1","3.26"
"脯","1","3.26"
"腥","1","3.26"
"膚","2","2.56"
"膰","1","3.26"
"膾","1","3.26"
"臂","1","3.26"
"臣","15","0.550"
"臧","5","1.65"
"臨","8","1.18"
"自","18","0.368"
"臭","1","3.26"
"至","16","0.486"
"致","6","1.47"
"臺","4","1.87"
"臾","1","3.26"
"與","24","0.0800"
"興","8","1.18"
"舉","9","1.06"
"舊","6","1.47"
"舌","2","2.56"
"舍","8","1.18"
"舜","8","1.18"
"舞","7","1.31"
"舟","2","2.56"
"良","4","1.87"
"色","16","0.486"
"艺","1","3.26"
"艾","1","3.26"
"芸","2","2.56"
"苗","1","3.26"
"苟","6","1.47"
"若","14","0.619"
"苦","1","3.26"
"苴","1","3.26"
"范","1","3.26"
"茍","1","3.26"
"茖","1","3.26"
"茲","3","2.16"
"荅","1","3.26"
"草","5","1.65"
"荊","1","3.26"
"荏","1","3.26"
"荣","2","2.56"
"荷","4","1.87"
"莊","6","1.47"
"莒","1","3.26"
"莞","2","2.56"
"莫","12","0.773"
"莽","1","3.26"
"菑","1","3.26"
"菜","1","3.26"
"華","8","1.18"
"菲","1","3.26"
"萊","1","3.26"
"萎","1","3.26"
"萬","3","2.16"
"葉","3","2.16"
"著","3","2.16"
"葬","6","1.47"
"葴","1","3.26"
"葸","1","3.26"
"蒙","1","3.26"
"蒧","1","3.26"
"蒯","2","2.56"
"蒲","2","2.56"
"蒿","1","3.26"
"蓋","6","1.47"
"蓧","3","2.16"
"蓬","1","3.26"
"蔑","2","2.56"
"蔡","8","1.18"
"蔬","1","3.26"
"蔽","3","2.16"
"蕃","1","3.26"
"蕢","4","1.87"
"蕩","3","2.16"
"蕭","1","3.26"
"薄","4","1.87"
"薑","1","3.26"
"薛","2","2.56"
"薦","1","3.26"
"薨","1","3.26"
"藉","1","3.26"
"藏","5","1.65"
"藜","2","2.56"
"藝","6","1.47"
"藥","1","3.26"
"藻","1","3.26"
"藿","1","3.26"
"蘧","4","1.87"
"蘭","1","3.26"
"虎","4","1.87"
"虐","1","3.26"
"虔","2","2.56"
"處","6","1.47"
"虛","3","2.16"
"虞","4","1.87"
"號","2","2.56"
"虽","1","3.26"
"蚤","2","2.56"
"蛟","1","3.26"
"蜀","2","2.56"
"蜚","1","3.26"
"蠻","3","2.16"
"血","1","3.26"
"行","23","0.123"
"衍","1","3.26"
"衎","1","3.26"
"衛","9","1.06"
"衡","2","2.56"
"衢","1","3.26"
"衣","12","0.773"
"表","1","3.26"
"衰","9","1.06"
"衽","2","2.56"
"袂","2","2.56"
"袍","2","2.56"
"袗","1","3.26"
"袚","1","3.26"
"被","3","2.16"
"裁","2","2.56"
"裏","1","3.26"
"裔","1","3.26"
"裘","4","1.87"
"裨","1","3.26"
"裳","2","2.56"
"褻","1","3.26"
"襁","2","2.56"
"襄","6","1.47"
"襜","1","3.26"
"襲","2","2.56"
"西","7","1.31"
"要","2","2.56"
"覆","3","2.16"
"見","22","0.167"
"視","7","1.31"
"覩","1","3.26"
"親","12","0.773"
"覯","1","3.26"
"覺","1","3.26"
"覿","1","3.26"
"觀","11","0.860"
"见","2","2.56"
"观","1","3.26"
"视","1","3.26"
"角","2","2.56"
"觚","1","3.26"
"言","26","0"
"討","1","3.26"
"訐","1","3.26"
"訒","1","3.26"
"訓","1","3.26"
"訕","1","3.26"
"訖","1","3.26"
"託","1","3.26"
"記","3","2.16"
"訟","3","2.16"
"訣","1","3.26"
"訥","2","2.56"
"設","2","2.56"
"許","2","2.56"
"訴","1","3.26"
"詐","4","1.87"
"詑","1","3.26"
"詘","1","3.26"
"詠","2","2.56"
"試","3","2.16"
"詩","12","0.773"
"詳","1","3.26"
"誄","2","2.56"
"誅","3","2.16"
"誘","3","2.16"
"語","14","0.619"
"誠","3","2.16"
"誡","1","3.26"
"誣","1","3.26"
"誦","3","2.16"
"誨","5","1.65"
"說","12","0.773"
"誰","9","1.06"
"誾","3","2.16"
"諂","4","1.87"
"請","11","0.860"
"諒","3","2.16"
"論","5","1.65"
"諫","6","1.47"
"諮","1","3.26"
"諱","2","2.56"
"諶","1","3.26"
"諸","19","0.314"
"諾","6","1.47"
"謀","8","1.18"
"謁","1","3.26"
"謂","23","0.123"
"謗","1","3.26"
"謙","1","3.26"
"講","2","2.56"
"謝","2","2.56"
"謹","4","1.87"
"證","1","3.26"
"譎","1","3.26"
"譏","1","3.26"
"譖","2","2.56"
"識","7","1.31"
"譬","6","1.47"
"議","3","2.16"
"譽","2","2.56"
"讀","4","1.87"
"變","6","1.47"
"讓","9","1.06"
"讚","1","3.26"
"记","2","2.56"
"讱","1","3.26"
"论","1","3.26"
"设","2","2.56"
"诗","2","2.56"
"诛","1","3.26"
"语","1","3.26"
"说","1","3.26"
"请","1","3.26"
"诸","1","3.26"
"谓","1","3.26"
"谷","1","3.26"
"谿","1","3.26"
"豆","5","1.65"
"豈","10","0.956"
"豎","2","2.56"
"豐","1","3.26"
"豕","1","3.26"
"豚","4","1.87"
"象","2","2.56"
"豭","2","2.56"
"豹","1","3.26"
"貉","3","2.16"
"貊","2","2.56"
"貌","5","1.65"
"貞","2","2.56"
"負","4","1.87"
"財","3","2.16"
"貢","18","0.368"
"貧","9","1.06"
"貨","4","1.87"
"販","1","3.26"
"貪","2","2.56"
"貫","4","1.87"
"責","1","3.26"
"貲","1","3.26"
"貳","2","2.56"
"貴","10","0.956"
"貶","1","3.26"
"貸","1","3.26"
"貺","1","3.26"
"費","7","1.31"
"貽","1","3.26"
"賀","1","3.26"
"賄","1","3.26"
"資","1","3.26"
"賈","4","1.87"
"賊","6","1.47"
"賓","7","1.31"
"賚","1","3.26"
"賜","14","0.619"
"賞","2","2.56"
"賢","15","0.550"
"賤","7","1.31"
"賦","2","2.56"
"質","6","1.47"
"賴","1","3.26"
"贊","1","3.26"
"贛","2","2.56"
"贤","2","2.56"
"败","1","3.26"
"质","1","3.26"
"贵","1","3.26"
"赏","1","3.26"
"赐","1","3.26"
"赣","1","3.26"
"赤","5","1.65"
"赦","2","2.56"
"走","1","3.26"
"起","6","1.47"
"越","2","2.56"
"趙","2","2.56"
"趨","5","1.65"
"足","16","0.486"
"距","1","3.26"
"跡","2","2.56"
"路","17","0.425"
"踐","3","2.16"
"踖","1","3.26"
"踧","1","3.26"
"踰","2","2.56"
"踵","1","3.26"
"蹈","1","3.26"
"蹜","1","3.26"
"躁","3","2.16"
"躩","1","3.26"
"身","14","0.619"
"躬","9","1.06"
"車","8","1.18"
"軌","1","3.26"
"軍","7","1.31"
"軏","1","3.26"
"輅","1","3.26"
"載","1","3.26"
"輒","3","2.16"
"輓","1","3.26"
"輔","2","2.56"
"輕","4","1.87"
"輗","1","3.26"
"輟","2","2.56"
"輦","1","3.26"
"輿","4","1.87"
"轉","2","2.56"
"轢","1","3.26"
"载","1","3.26"
"辞","1","3.26"
"辟","7","1.31"
"辨","3","2.16"
"辭","8","1.18"
"辯","3","2.16"
"辰","1","3.26"
"辱","7","1.31"
"農","3","2.16"
"迂","2","2.56"
"迅","1","3.26"
"迎","2","2.56"
"近","12","0.773"
"返","1","3.26"
"远","1","3.26"
"迭","1","3.26"
"述","6","1.47"
"迷","2","2.56"
"迹","1","3.26"
"追","4","1.87"
"退","14","0.619"
"送","4","1.87"
"适","1","3.26"
"逆","1","3.26"
"逍","1","3.26"
"逐","1","3.26"
"通","4","1.87"
"逝","3","2.16"
"逞","1","3.26"
"速","3","2.16"
"造","3","2.16"
"逢","1","3.26"
"連","4","1.87"
"逮","2","2.56"
"進","11","0.860"
"逸","3","2.16"
"遂","7","1.31"
"遇","6","1.47"
"遊","4","1.87"
"運","1","3.26"
"過","18","0.368"
"道","24","0.0800"
"達","12","0.773"
"違","8","1.18"
"遙","1","3.26"
"遠","15","0.550"
"適","9","1.06"
"遲","7","1.31"
"遷","5","1.65"
"選","4","1.87"
"遺","3","2.16"
"避","2","2.56"
"還","2","2.56"
"邇","2","2.56"
"邑","5","1.65"
"邦","16","0.486"
"邪","2","2.56"
"邽","1","3.26"
"郁","2","2.56"
"郈","2","2.56"
"郊","2","2.56"
"郎","1","3.26"
"郡","1","3.26"
"郢","2","2.56"
"郭","1","3.26"
"郰","1","3.26"
"都","2","2.56"
"鄆","1","3.26"
"鄉","7","1.31"
"鄒","1","3.26"
"鄙","8","1.18"
"鄡","1","3.26"
"鄣","1","3.26"
"鄭","4","1.87"
"鄰","3","2.16"
"鄹","1","3.26"
"配","2","2.56"
"酒","3","2.16"
"酬","1","3.26"
"醜","1","3.26"
"醫","1","3.26"
"醬","1","3.26"
"醯","1","3.26"
"醳","1","3.26"
"采","1","3.26"
"里","8","1.18"
"重","6","1.47"
"野","4","1.87"
"量","5","1.65"
"釐","1","3.26"
"金","3","2.16"
"釜","2","2.56"
"釣","1","3.26"
"鈇","1","3.26"
"鈞","1","3.26"
"鉆","1","3.26"
"鉏","1","3.26"
"銅","1","3.26"
"銖","1","3.26"
"銘","1","3.26"
"銳","1","3.26"
"錦","1","3.26"
"錯","4","1.87"
"鎬","1","3.26"
"鎰","1","3.26"
"鏗","1","3.26"
"鐘","1","3.26"
"鐸","1","3.26"
"鑽","3","2.16"
"長","11","0.860"
"长","1","3.26"
"門","14","0.619"
"閉","1","3.26"
"開","4","1.87"
"閑","2","2.56"
"閒","4","1.87"
"間","4","1.87"
"閔","4","1.87"
"閬","1","3.26"
"閭","1","3.26"
"閻","1","3.26"
"閾","1","3.26"
"闕","5","1.65"
"關","3","2.16"
"门","2","2.56"
"问","1","3.26"
"间","1","3.26"
"闻","2","2.56"
"阙","1","3.26"
"防","3","2.16"
"阼","1","3.26"
"附","2","2.56"
"际","1","3.26"
"陈","2","2.56"
"陋","3","2.16"
"降","3","2.16"
"陛","1","3.26"
"除","1","3.26"
"陪","2","2.56"
"陬","2","2.56"
"陰","2","2.56"
"陳","10","0.956"
"陵","4","1.87"
"陶","2","2.56"
"陷","1","3.26"
"陽","5","1.65"
"隅","2","2.56"
"階","4","1.87"
"隐","1","3.26"
"隙","1","3.26"
"際","2","2.56"
"隨","2","2.56"
"隱","7","1.31"
"隼","1","3.26"
"雄","2","2.56"
"雅","5","1.65"
"集","2","2.56"
"雉","2","2.56"
"雌","1","3.26"
"雍","7","1.31"
"雎","3","2.16"
"雒","1","3.26"
"雕","3","2.16"
"雖","16","0.486"
"雞","4","1.87"
"離","4","1.87"
"難","15","0.550"
"雨","2","2.56"
"雩","4","1.87"
"雲","2","2.56"
"雷","1","3.26"
"霍","1","3.26"
"霸","3","2.16"
"靈","5","1.65"
"靜","2","2.56"
"非","16","0.486"
"面","6","1.47"
"鞅","1","3.26"
"鞟","1","3.26"
"鞠","2","2.56"
"鞭","1","3.26"
"鞮","1","3.26"
"韋","1","3.26"
"韜","1","3.26"
"韞","1","3.26"
"音","2","2.56"
"韶","4","1.87"
"頂","1","3.26"
"頃","1","3.26"
"項","1","3.26"
"順","4","1.87"
"須","4","1.87"
"頌","2","2.56"
"頎","1","3.26"
"頓","1","3.26"
"頗","1","3.26"
"領","1","3.26"
"顏","14","0.619"
"顓","3","2.16"
"願","4","1.87"
"顙","1","3.26"
"顛","2","2.56"
"類","2","2.56"
"顧","2","2.56"
"顯","1","3.26"
"颂","1","3.26"
"颛","1","3.26"
"颜","2","2.56"
"風","6","1.47"
"食","17","0.425"
"飪","1","3.26"
"飯","4","1.87"
"飲","7","1.31"
"飽","5","1.65"
"飾","3","2.16"
"養","5","1.65"
"餒","3","2.16"
"餓","1","3.26"
"餘","7","1.31"
"餬","1","3.26"
"餲","1","3.26"
"餼","1","3.26"
"饉","1","3.26"
"饋","1","3.26"
"饌","2","2.56"
"饐","1","3.26"
"饑","2","2.56"
"饗","1","3.26"
"饘","1","3.26"
"馁","1","3.26"
"首","5","1.65"
"馬","11","0.860"
"馮","1","3.26"
"馯","1","3.26"
"馳","1","3.26"
"駕","2","2.56"
"駟","5","1.65"
"駢","1","3.26"
"騂","2","2.56"
"騎","2","2.56"
"騧","1","3.26"
"騫","4","1.87"
"驕","9","1.06"
"驥","1","3.26"
"驩","1","3.26"
"骀","1","3.26"
"骨","2","2.56"
"髓","1","3.26"
"體","2","2.56"
"高","8","1.18"
"髮","2","2.56"
"鬬","1","3.26"
"鬭","1","3.26"
"鬼","5","1.65"
"魋","3","2.16"
"魏","4","1.87"
"魚","8","1.18"
"魯","12","0.773"
"鮀","2","2.56"
"鮑","1","3.26"
"鮒","1","3.26"
"鮮","5","1.65"
"鯉","5","1.65"
"鱣","2","2.56"
"鲁","1","3.26"
"鳥","5","1.65"
"鳳","3","2.16"
"鳴","3","2.16"
"鴈","1","3.26"
"鸡","1","3.26"
"鹿","1","3.26"
"麑","1","3.26"
"麒","1","3.26"
"麟","1","3.26"
"麻","1","3.26"
"麾","1","3.26"
"黃","2","2.56"
"黍","1","3.26"
"黎","1","3.26"
"黑","3","2.16"
"默","2","2.56"
"黜","2","2.56"
"點","2","2.56"
"黨","11","0.860"
"黯","1","3.26"
"黶","1","3.26"
"黻","1","3.26"
"鼎","1","3.26"
"鼓","4","1.87"
"鼗","1","3.26"
"齊","15","0.550"
"齒","2","2.56"
"龍","3","2.16"
"龜","2","2.56"
"［","1","3.26"
"］","1","3.26"
